1|https://cdn.mos.cms.futurecdn.net/YMa7Wx2FyjQFUjEeqa72Rm-1200-80.jpg
2|x
3|https://images.unsplash.com/photo-1576444074449-952fe7d57468?ixlib=rb-4.0.3&ixid=MnwxMjA3fDB8MHxwaG90by1yZWxhdGVkfDE1fHx8ZW58MHx8fHw%3D&w=1000&q=80
4|x
5|https://upload.wikimedia.org/wikipedia/commons/1/17/Masai_Mara_at_Sunset.jpg
6|https://youimg1.tripcdn.com/target/10031f000001gs1oh8DF0.jpg?proc=source%2Ftrip
7|x
8|https://cdn-imgix.headout.com/mircobrands-content/image/394334b50a7f6554f057295ccba9b7c9-ruben-hanssen-2dp1Ud5gG2A-unsplash%20(1).jpg
9|https://cdn.mos.cms.futurecdn.net/YMa7Wx2FyjQFUjEeqa72Rm-1200-80.jpg
10|https://www.google.com/imgres?imgurl=https%3A%2F%2Fwww.state.gov%2Fwp-content%2Fuploads%2F2019%2F07%2FAfghanistan-2282x1406.png&tbnid=_SobGWHl72hpvM&vet=12ahUKEwiizOnmx5z-AhVUgf0HHWd0AecQMygAegUIARCyAQ..i&imgrefurl=https%3A%2F%2Fwww.state.gov%2Fcountries-areas%2Fafghanistan%2F&docid=_ylE7tTFvvPQ8M&w=2282&h=1406&q=afghanistan%20pictures&ved=2ahUKEwiizOnmx5z-AhVUgf0HHWd0AecQMygAegUIARCyAQ
11|data:image/jpeg;base64,/9j/4AAQSkZJRgABAQAAAQABAAD/2wCEAAoHCBUVFBcVFBQYGBcYGBobGhcbGxobGhceHSIbGBoXHCAcICwkGx0pHhsbJTYlKS4wMzMzGyQ5PjkyPSwyMzABCwsLEA4QHRISHjQqIikyMjIyOzIyPjIyMjIyMjIyMjIyMjI0MjIyMjIyMjIyMjIyMjIyMjIyMjIyMjIyMjIyMv/AABEIAKgBLAMBIgACEQEDEQH/xAAbAAABBQEBAAAAAAAAAAAAAAAGAAECBAUDB//EAEAQAAIBAwMCBAQEBAQEBQUAAAECEQADIQQSMQVBEyJRYQYycYFCkaGxI1LB0RRi4fAVM3KSJFNzgvEWQ6LC0v/EABkBAQEBAQEBAAAAAAAAAAAAAAABAgMEBf/EACIRAAMBAAMAAgIDAQAAAAAAAAABEQISITEDQVFhIpGhE//aAAwDAQACEQMRAD8A9HininFPXpp5BAU4FPUqAjFPFPT0oGilFSFPSghFPFSpUoIxTxT08VKBopRUqVCwaKUU9PQQjFKKlFKKUQjFKKeKUUpYRimip00UohGKUVKlFKSEYpoqUUqUsIxTRUqUUpYRilFPFKlEIxTRUopRSiECKjFdIpiKlLDnFMRXSKiaUsIEVGKmaU0ohMVICkKepTMFFOKVKlEFT0hT0ogopwKVPSiCilFPT0og0Uop6VKWCpUqepRBqVPSpRBqVPSpRBqVPTUogqanpiaUQVKo7h60xcetKWEqVcmvDtUPFNKWHelXDxj7UvHqCHemrkt71qXiD1oISpqibwqJvigh0NQLj1rg9wmuZNBC1UXcDmq6uRUTQsJNdP0rlNORUYq0Q0AakDVbxDTFz61CQtzSBqst0966LeFBDtNPNcTepC97UB3mnmuIuinF0UEO00q5+IPUUvEHqKUQ60hUN49aW/3pRDpSrn4g9RTG4PWgh1pVwN8Uxv8AtQQsE0pqqbxqPiH1oIW2amLVTL+9RL0EO73vSuZYnvUN1LdQQlTTTbqYtSlg80ppt1LdSiCpUqU0og1KnNNUpYKaanpTSiETTVMioxSlhGKW2pMKYipRCMUopzTTSlhUGuX1p/8AGr60HJqzO0k5JPDTPcg8+mKld1BMDdDeknd39B6R39fpVekc4wuOvUc056inY0GLrvDMnJ7Hn6T6x6VZ01643nLrnAWILdjtHymPcjg1OaECr/iKxPapPrwOaHl09wqCXKxHlM4IwYDEce2M4mqrPcGfEBERESx54BEc+ppyLxYUjqS+vp+tSTqKkT2oRbWFTPOIyCJ9PlIOB6k81L/FXMEQSwwBAb3wcT/vinJDiwrbqSjnEetM3U07kD7ihRbpKnMMPwnZBnnjiM/tXZEukDIhPxbwAOJ80jueJq8kOLCUdRWYzNMeqJMT+tD9m4xYQAQM9mDSMQQ0ER9aZiAQd53HJXGByRgYHtPao9QQIW6sk8+nf145pL1FcZ54zzQu+7xFUbswZUDbBMSOe+MelWhcmQrlzgYnEnJn7flTmIEP/EcTtMHg5j865nqYrC27AZO1sGcHB/6mieeJ/aq96+6qNgZj2K2xAHeCoPp95FTkIEg6msTGKcdWWJkfnQvfusAXZ2WY3nYFIMjERn9O1WdVfHhhgWDECCZ2gYMgiSD9QO9Xki8Wbq9WB4OPy/epL1Ed5H1BA/OIoX01xH4YyI+aIJMwZ3f0qrqbrkQjBsEsZ+0Ce+ackSOBq2qI5+vNcz1DEyI+tDqax12bkAU5MyduYJBmqeuW4rhlhgfMrg4Mn17GeQYqckH0FTdSbmDHrED8+KiepYkSfpQtZ1I3kvI9/wCbvBwSa1L9wd2uQCDMEgcjDb+8jj2q8kWU1h1FsYI+sCoN1cjsfsRVDT6UONy3Lme+3B+kPJiPesXrd5w4WSABwIAwT2H0/SpzNLFClOqknMARyTj17e1Tt9Rkx4igepkD9p/Sgq3rriWiEYibijlhH0KkR+f1rV0GnuXZK3uDAK3XczzkC7K0pGmjebqefnAE/NuxUU6os+a4AOx3gz7QKyW0tzeUN5gOxa5eA5GCWZQDn79qqtpLwAZLdu4skbgztDYmTukEZ/tVoSN9+qqAJeCYwWGZ96iepgAHxAfo0/7/ANawF0moaG8JBkyJuAgjvDLkVFknlgGBgjzYPoces0KENvqRYSOPcgV0XXTkOI9ZMfmB9poZZ0QCbiyTGVfntBx+1X9LqNqiXSACTulQM8BmAFOydGk/UowTke810GuMcjie5of1uie6dwZSDgRHsAPKSOwp9N065p5LA+YRtAYnv6DEe8c1KaSCAa0/iJHuFn94ri/USDE1jHU3AJFi5HJgN+URnH71X1HVoMeEeB+L/SpyK0iCacXAVQ+hUS0n1lioUrweZ5kYp26bcA872twI+ZzMfUA1etBVsyo2AeXdtBIzA5zEye/9aWu1TKfDGqSRA/EAsZjC5OPpnntXJtEeUvSsek+IfLED8SuXAB5EbZ49a6qiWg1tbl0yDBgAKYPEwZxVDSW0tC4LpkXCCy2yWJXJBlhH713s27KEm1bJHMvcdpnj5dscjj2q2LsuUmztofOij+KTydqhmUg8OSY/TvXW69omIKSR+EZgklQAZBOO/Y+uKo0YW2XNxgk7yPOccbR9Z5Jqhe6haUkAOF5kEt9CN3B9ponejUnRsfw9xh7X2DAiO/J9qe9fC/KWJJwIQA+pnPoO33rFXrVqQVJIUDD21Mg5M5z9eas6vWWgpEMZOFCnHOF/iHP6GnYNc6MDzXLi8chQDHpOZ71n6iXzbQlGkdswZBIJxkd/6136JeUCS6/hjcwxg8DMQYz7D1rva1TWxFy5auwXh9sAgYAnZiD37zUfZGvoybGtdN9oHaRmCWxwfw9iCJNWz4Tk4ctBAPiOQZHIn3nBrR0nT718KGHlUEh447gqDG4ErxBHNT6qlpVKhHe6AINu22wZk5BOcxg4yIFEOM6ZmaCxcULaO0iTEIrNMctgkLHc96unS+GAXCK5M+QosDGG2wJxx9+9ZlizeVy5DbWtlSJMR3B5ifQ9prtduXUE+HaCk9jacj6hWJHHJHrRs0snfX65QNgt2uFiWUFpySZbJHGDXAXhcIKhN0eZN6bR+GR5tzduDWVqUe44MDEdlXE+wArWa+gjZbPK8bBIDKT+lOvSRkrFnccgn+cBRAEiAew+ueO9WL6IVIa08MJOxhsHcTsQfqa2uk9LW5tvXEdCAQqq1r5SI3/NIMk49qzfia7bskKr3SGZlcFkkeUHaCDHyuDH9RV8VI2jL0xtGEVGYH8JOCT9p595478372it21LMrBQ3mnawA4lUJyc8/Wqz21Syt0paVYBG1kZiZMmDleOwFZPUdcpt8gBx65EHBOAAOBIzio9Ij6VRptfU71LIba/LCoGjkbYkn1x74zV/pN+y6i20lVVjL+X5mB83bcMQ3I/M0LdE1B8QbDuggkGCRBnE5nHNFFzXLdIQW70mdoIAWYkEwRnGPeKuNddkX8kX7XR7cMGJKQCpJG+1zifQ/lj8o+L4SKGQ3LMN5tjbjG4eYADbzMtg7ZHOJ9M1gAKMYYMQs8kFmG0wSGgws/nXTUaW81ybTBV2kQWgAmZKgQOT3nmrJ2h+jK/w0DxEMqTBCh0cCJmN2e3y4wfSaqdd6RcV1x5SP+YBIPJk8n7Zx68VfvL4qFRdClSR5ZhiZJkgNDFc8uvMAVM9fFtvCuCFIO4jcdpPCjE8ZnGCMVOVC1AZewbdv+JbdhvDdl44gwe/rA9xWn8MNhp4LjJg/hfgmcY7N+Vaj6C3eWbZ32xxBk4jzEbQd4M4zgcjiqul0nhuwsElgdxS7CMIlSA+7Jk9ziO8VtMr78O+pchm2tHlc4KgYVSJkwc9oM+omrfTbY27tig4yttU3SBJO3B4HFZL6h9zG4hthrbAHBUsyxG7bAHHODNa3TmHhyMiRmImAM+h+2PzreWYaH1Vvyr5R86fhYxHfyHEepwKC9TqW8e7LlRvAgM4AzyBEcZMfejC8ZCx4YhkJkhPUADzjzTwDP0NDl7o96brObS2wTck3FkRk/ISxxJ47GrYSdG1qUtkeY2z8sbldeZiRJH3q1btqbcgbyTtIWSII7jfDVF3hTOQfC5AdSdv8wGSYEYxHtVKzZEArk7HMK3B3MQYMtPtxgCOay2VIq6q3aD+a0zZwU3ACMeYAHvJjsI+tcr7cBfFUTHlyBxByuBnmk1onwjFw5klTA7fPgyPb2ptRalRCufOPkaDx3kHy+1QpZTbK7oJhgZLy2PLG3ygn3ye1U+qX28Q+HchYGAwgGM965a27tJO91AJmB5T5mAB+sR9PSKHH1hk/wAZuf5XP6xXXPx8l24Y1vi/KED9CuKy/IO7eYgriIIjcD9RFcE6Qtsi47bnQ4RXB3ZgZ2mZGc111Nh2IWzb3FpJJ2jb/KrMxAEx7fpVwdFuJaZrjWmwCVFwbgAZJwfScAmTFeLl/Lw7a7fZwu3EYHajJtMeR9m7nIgAdok5yKrNo7lshzctkbpy24gGNsw07ge/cmIrRs/Ddy4iNbEqVMLu3SGA3AszYyOCQRVm50G89vw1txswSHtwpBUxm5I4HPqK6KInZian4jZlKxbKFtvmBYXFEZyZA+9Zl9rjDy21gjBUquMRA7Yre1XSLSENctGBxJRliMAQxUiYznioap1OUURiAAo5IBnaOO+PT88P5FnsvF+sHP8AC3CGOxp2jy7yxxEwAuK6XNSziPCIkxEke4EgCRnt6UY9H6b4hBZ7Vu2fNm5b3HuDtDHB9THHvNEy6LTkMLl21cwRHiC2p4IEIcjJz+lXHyVVkjArpNm6iy77FhhsAlpMDAAMyePtFEGhurat7xZuO8+Xcjs0AznynYYkQI+1UNb0+xYO63cc3ADtYPbKicZIBPfjH1rLt6m9HlJPm7KMk5iY5rPNJ9nR+Gxqep39UDbuWLttZEeS6FBOAQSufqRiSayLHRLlxyoQyOZFwCfTNvj/ADce9XtJp9bcfw0BJyTBtgrGZ3Ayvbg8mKq6k3luG27MzhgCC+7IOBJMc4mavKIj6+x9JoAHZWgPbG7aCnbtuYgAT9T6D0duo3Aoe2UBMwRchh2YEEz94p7PSL1xWKLbLZBZ3C59PtBH3PtVzQaEWFi6qeJMyptn6QfDJJx61E76RVmfb1T3D/zgGk7huXH/AHMC30E1b0ere2rBwfNPmLFduIEg2yGEmYH51pp1/LIXuJ4fDFwN0LuOwIo3wJkRyDUekvfDM1w3Tbu+dSu9p3DduyIH1/vWlQqZOm1wuAqWtAjzeIwty4xCfIVmcyRODJrO12guXnYWzauORuhWtTgKCFU7J/7RRf1Pp1tx/EvXd2GAdozEwT4bQPMJA/SsfqvS7f4bm5mMDG4tjEjAUevPFH6aeKigk3LHhW7dtnNuAAts3CcmfKCQc+vaq1z4euC1/ENy0FGf4cr3PzBhiPbua7ajR2rabv8AEqzgAlF7HEqrAwYM/YGsxupG4hXf3HzOYOYHlk/7/OprX6OekkdelG5YB2XcyD8o83qCeSOMcc0QdNK6g3UW45doeISBEsbYYmRHriQM84FrVslRLckCBMiZMmRx/erQdkAZH8NlBG7OcbQfb7+tY5u9kTgaG2XVbpLDaqh2S4rK3zxAThoO70/Q1Z1HVLIUP4qI5xMSRzAMc/60MabSaq43iDUOU2n5uI4KlFduTB4ztPsaxuqNcC2w4IA3LDeXJJJhZx2mPT8ur28qouow/uaQXT4tpwrbTJXIuDIMgfNiRFAuv6S63Wt+LagFjO8jIJgQMz+lP0fVtaurc8wEjA+Zh6ZPeYzHJoyuXreoUkqLdwnaNxQlwIBOCexP/wAGs5a12l2c+mcekbUthfG8ReCEB32ztLHzCCVkEbvccVLU9SsXCoN0kBYDrunmQCCssCec9q6OhJ2XBdZhMXUVlAgAgsZhuIzHp7UEW+qqSVVApQzuUsQAsZkn1701reUov7NpZXoW29OlsJca4htSNyeHh1bdIKt8kY80mY7TXDWdOtNvdWFlVIPhs2xjGFnzHcCZiMZ5oVsakAiXDxIIKFk5nYe3b9OfU10b27kPAuK1yRvVfLCsNqwBgR7966Z1yZFropX9HcRFt7hdVh5SbZcDdMqGE7hkifbjNVtP0u/acMBakyq7VueXdKmSsFOSZBxBoh6qGKJ4C+YEgIHKCNrHE+UEGD2+tVNTZuuigXLoY+UISpUmGH/MBUyGA5ImT801qwvvR0XVoWZIm4GUFVJDAqILbcys8knPrXG/fAADFd3hmA42Ny0gdvcTOT+cepdPtMQr2nt3TgNbU+G0xuyMKDmAY+b1mqnUOk6iyu57ge0DBFwqDDkYTBgyQPLklRj1X6Lx+ziHBNk7RxyXAK8cD8dcbrqVWQh845bb2Gfc+1d9TasKLT7GCqhAkhnSCAY4Bz3nvxVYppm2p/FZtviKW8OAMAGPWY71oyVOoXrblgbgBDlTJ48xMTx6c8etYrdNXBNwSRJ/i4k5x5cj3or6dp1LrctKeWJV1VZLEktuMsDzAgiDRF4ikCVj2D245J/Fpz6/75Jba8I8p+mdc1m+2guaa+m3sti0y+mDcRuQAfX3rPfTXLr7bdp9vI/h2UY8fMyIoGZ+01d+J+o3dNcuMHKW1CssLbJhgFJBPHm3DJnB9RVLQfEeoupuS8wHGUtzjvgV4taU7bO6w9IIOj/D160puMVW7sIUKqypgwN8A5mDEd6006UNgualiHWZY3XKqsmBLYGInHMxQLpviy89xkW7cDCZJVI8pg+v7VW1fVr124qks/lJLHhSCAIA8qyCfyrpnX0jLxPQm1mq0dtpt23u3OzF3VcGYiRu79u/NCvxLrGbazIeYhMKByFkyScHknn2z10/Tm8QXGYzt2wOYmcn/f3ql8SWCQqK9tBE+d0QSCBI3kBuY+9Zbr4l1n+NhSTqYUAqzTEZgtyeYIkbYznPYVt2uqq6IQWBJAczAPPaAwwPUcT6gjNnQEkDxdOzGRjUWO84Cjvn9O1aPTmAZUtlXYeUK+UWYK5Gwnjn9KawsnPOnk2tTc3E7FZmjyhTzEyOIz9RMe1Dl3qJQnYSCD2JG0gyADM8n/ea2NHet+J/E2hRJYruJEGNqeeFmBzO0Zq1d+GdIST/AI21bFzIt/OFEgkBmcG4eRMD5vaDnKTLq67LKdQa5pt5BtuHP8WZd1HqZkwQw7c8DvialyWBUz7nH3P3H70b6XUaVLPhC9pFkQGRFBE8udztLH7/AF9MU9H0u7cuttDIJgWwWI5M7/KOcRiTArekVpnfQWgViOACYdhJmfwkEf7HrV9EVi3jWrbgtIO3IWBAziZp7vUbVy4bdvZ/CA3MiqqNv+UCCd0bDme/1mLNXN/I04jrnKaLFm3p0Mrp0B9QiTV5eoJI8hx2wJjtzgdqHbafxmcXAQbagWwBIgkl5GYMgR7e9c+g6M2rexri3DuncqhR8qgCFJHAH2itc3PScV+DQ6hqhcuIs5MbSwYSxMsxKghZZic4Aj0qi1uLqpt3G27HbbZQNwDLklwccmB25q/pNSqllJEwp59Z/sK7eJMxJHtmj3+i9yHRvgrTlRuuXZ2yRvQDgSI2fpPehVvh+04ltNrVn+e5bULEGTNv5R6z2Nb7Dnynn+U+3tVa8xC4QnJ7H3p/0f4M8F9gbrHdDttowG491bEQCYEHP51VsoxOLgIMljP0BAETPvntRBrNBdVLdzwnK3AxAKyYBgiBlRPrng1lW9BdyfBuqC04RicxPzcZ/bvUd7SRw1L0bHw5eAdjhvJIBuFNzAgAEjjH7Vx+IdX/ABQCcNJUbg0YzJGWPvzVLTdPu/N4dxRmQEcY9wRjA5/So3dPuMmVdGjcQZWDkAfpn1NZeouLF6hXvarbkGe304qL624rK6kQSCBOTwCD3jjM/vUr2mQAkNBOCSTH+YmBxiY5ra6dutG0ly5bNtHMqFO2G3wCXAE8x/uN/FlNhIJOldTS8nh3JYhFZiYzuz2+n7GhTrPRhYuO9tX8M5nHlBMgAjsTI7EQMZkmXT9Yt62WUHaCUzH4cHgkcz9abQXU82xiw3Z3Mz5HBXcTA7iMV6NYb8CnjPOtNohdJhGgzLqNzc5Mn3nkijXTaO5ZtrcsbmtIpJs3NqsONzNHJgYM4k4rS1PRLDq7eHbUkSbioocRmQY5oHYspKoWuNtYmBkqBjBwVgjnsfz56TRegk6X1oXrgSNj7iVXMQEIIknncfyrYt9TYMytbPkUlWIbacRG7bH2BNed6TQ3PEDW+YnbvE5DewC9/Lz2mjrpif8AhPNbNtjkqxljELuOBtmPT35Naxt+aIi91LqVoMivcuDhtifi2kPmBJ4iByPrVzq+tS1YcpbVyqz4ceVhKhgQPZv6153qda7ahXQMSrEhVDkjbEg7RkAcn6VZ6F1i7c1MtdICuxNvaRvmYBM4iRgg/LGKvJUt/Jwu6x7pZUtKw2md5UAEmS6eIfIZMbQfSuS6q6CS1hbjAQSQS23kR4ZB2/5l/M0f6m5ZvLsuLIMGOMjgj3HrVPTdE0qMGRHDDvJMzgkjvNdL+hL9mHoNSiotwbFcEA+a5AyJUiWnGIPMT3ru/wAS6oE7HXaTIhgAO0Q0EcelaHUOkBnUFJG5QXuAEkFlO1YMgDIgxxirH/CiMWzaRewNkE/WRcE/lXlaf1f7OjhmfHFz+KkgQbQwf+p+1D9m6AIWB7DFdNPcN+3be4SxKggMzPEwTG7j/So3ulqQYVfvNc+abjR2WHlERbWThQTyQIOfpV/R7Y2jkQSIjn9/tWIOjsDMrjMc8Zj96h/xQi+tsXEXw2AcOxSQAeGgiDzz6cRmtcussVZ7YQtq1BKjJAJxxgE/0rNvhLyjxFDTuEHiJBAHvx71Y6bos7h58nFso4E+ITuNtmAEMBPt+VbqyMwTaoXbuwYUgQmAGj/Yqa+JpdIzraaZR1HQNOoFwN3grBAUdz82QAOCPSqbdJRbniC4TktAtwF5O2Zz27CtNOn3LjIDbJJiZ2+/bd7e9V+oWhbSLjyCJJAIhsMAZJkgH5T3IkVbudnDX6OSI9xgEEq5Kg7vcdgQRkcz396uXbBtMqsGmQCfNAkgqPKRzE5zAPasJdadv8O4QuPJufyDfM+jS0N6j7V3bVXy38O5dYHmbjbWmSfmIhctyO57mq8pL8ES+wt6H8Of4hmBubAqrycEMd6mY+baVxu7gx3JAfgC2edR+R+v9685XUXFJAB+RmAVFkwoMicnLEfetn/E3BdgKxXxQMKsR4ijmONp/IE11xrrwvFP7DfpvwTbslyl4eeN05+XdEcR8x/SrF74UVyCb+ByohQwxIJyRPE0AaXVXCTKtwfwL/JcPp/Mq/mK6WtVcIJ2v8k/KnO617cwzfkfaq57EaS6lYaf/RiLc8VLm3JIt7tyr2iWgtHqaoavplvR2XfxSwGYMlhC84JMbVmAOfrQ+upuEHyt81v8K93uK3bsFU/SPWouWuWLgYlSy7ZYQBuSJgDMFifzqNqeIucx9MhotTce4Rb2nxWRAxRmO1Z3MI+XBbkH5R349C0/XktKqFHMADEKPKApMYiSCeO9CvwnqLGmIZ2LsBtXaDGcFiSAZPp7ml8QXReeUkS+/I7En9c01rKVTKk2+0GP/wBW2/8Ay3/Nf71wtfFaAZtv8zZG0nLMQOR296C7+lLXbThoVN8j13KVH5Eg1HT6Urce4WkNgD0gx/SuH/Zz06f88/gM1+ILSPcuDx2NzZ5G2bE2jb5PN5Z5POa6H4rt/wDlv/3LQRY07rvLEeZ2Iz6kkA49GFcl6ef8ObW8bp+b/wB+/wDbFH82r7+PoL4s/gOLvxNbbm0313LNeb/G+vQ6gvb3KSo3iRlogMCPYCccrPetPUaXcbR3xsMkfzcf2rL6r0VL99y+rWztVMMk7gQZg7h68VvO+a/kzn8mFnxFHpVgXXtx5izCUaIYjzGAcHA+8duD6Jq+kJb2PbsgsGQlUBABG4F8GYG8/lQjoPhqzbuIp1qECGJhAhiT3fJyP9IootfETeMU3pctgYcIwJ47bvf/AOK0ms/ZjKhc6ZpkVX2T5rhZpJJDsqM3PHPAx6Vn9O6ULT3WDud7CVY4WNxG37P+gq7d6hsuJtt3G8RLZJCEp5gFXcwPlIiSY4Peu1xzsuOoDEGYU7vwqTHG7v8AWu2NmWkx7N4rg8UJ9f6IyM11N120csv47fuPUfaPpzRBY1Qus5UABSAAN59zl1Un8qsI5Fb3laImecWLUeYsroSSSSBtGIAUydw5gdqv6RrI2XCzGSw2BmUqB3P4YMelEHWfhoMTcsQtxhuNuUKXAc47A98+vahS9pA4K2yyMD/EtbZecTG2CY+n1ryaw0bSDJdPZa2xsal0MElWeFg/MNoic9/b3mg3UXPCuWgdoLsWJYgBmDGWUx3/AK1t6fQ27lkoS9twpLSpSZgx6icwe/tUulO1p/BuputEgTybQVYVsmTmMgHis8n9mmr6T6NeLKwBJ2mQW5KnMjOQPXIrRtdWVTtLCQf6T+1cdf0V0RHtXGuWwd2NhEZkKQo2nPMmczNC73n8RdqlzyeAcSDPEmRHrXbPytKMzrEPQ7XUAwE57/Su2lgg7mIO5uOImV/F/KQPtQfY6iDkmO04wfQ+hrRtXjnPf+grss512iLTMLphQW1FsygHlIM4Hv3q6t0R+/t/pWF8NvNi3Hof3NbW6vnPM0z23oXiL68iPrzQhq9BcbU3LlvafNw0ZkBT8wjP9aMF9qydc4S45mMfrArWdtOoy81dlPpuhtXLm59TakEKyxA3AE4YFf8AMJESBPsNTR6DVlG8PUFwG2qBc8RWAADbUeQIifNHP0kc0F+XHh+YswfP4d29QDnLQeDH99DS6ckl7jMG8SMfM3l+UmQCYJwDAxivW+jz9ly1f1gy1hXUFgGNtkJAmCDZ2DOfbv71V1mrt3F3XbHmM7JdLigjBhWTf7kBjWnYuMi7PEuqI2lVhoA5WCSQZ5OBgcATXW/rS6taG1lKgAOh3RkEypQDHeBx6ghYtGDFsPpgPOvhhjuLMtwqSMbhG4gSOIMe3NW/8CjtNvUpkx89vInMo+1i0e2PSl1Bk2EXNG1pA0BtzMXXEEjkZyJMicCs7UWLB2qXKA5XI4GAJYEx7TWZnX0OKLeo6RfV/E2sIVgu4ugAKmfwkdgJBiP17Ldui4SFZl38hp8pa3mF4G3d+XvVbSdPueIP8PqAst8qv4ZyC3lO4nG2PYkH1jT1FvXJtUq7z5pdbd2R5QQCyhvxA9u3rW0spSFSn2U7XUXFzY0gndgsZjbdgx9Qn51qdAu7w5uBWMW8OqvEqJjdMeYH8qTX7qbUbToQwJO03LfmAkkEFlAzzESferGpuWlhX0722IlvDNt922RudkNtj8rcGc/nN4TUXRvOo++xut3VW2GVbakOklURD8w7qAe9Y2t1JeyV8zEugAB8xAXcQJOJgj6mtONFuWXbs3hXnvKpE4kkFYx3/wBa29FZ0pO5NLaJBwbb27kZxwQRMTUxhpR9jWr50V+mfDaMjXLtm/bLOQLQc3GCwAMgx65Jn2rK+JRaCG1bDeJbR1S3JZwxUhVIHzEhu880b3OopbANwXEk8EEHET+4zWX8RbUtG9bS6LiZW5ctqdgg5BZcGYzUaQTYPPZuNctOLdyEBn+HcnII/l96fTaW74juLV0hjAi3c7Y/ljtRbaa61q29s3Gcoh82zY0qC3oeSSIPaoaRNWwMC2BueQS3IZgeCcTWHleGlpgh1N7tq05HiWz4nzQ4gknySeDtCmKx7PUNUSUBu3P8qhnIAIEwo3d+1H3Wej6m5b2ErLMGGwMWBEA/Myjbz370Oar4Z19td9lnDKD3VXIIgxtdiDxgTSP6NLSXpUTpesRla491VJDLbe4WaIJdNpbcSDtGFyPepXuoOoHhvcGc7BdH2wv6e1V9F0XXItx7lt9xIY3HY7hHBlhJMgd61tT8M6t7hcWwRJUlWQCRAdssDlgxiIzW50ZqvpQ3XHhrju5EgFmYnMQBvzkzj2qot5zcIwAZyfzj/fvW7pug6hHgnaGBkEtsYYIkrOfI2Y7D0rg3wlqcNNtgR8pLYnPdO9cdYVMa7dO+i646XLYYsbYVUIicCJxHMj69sUVhvDJYAeE7KzYwu4LNwR6nntwfoPabW2wUtDR2i+BuBILevYEHnJY110HUbouvaO4qobbaEHkW9q5GR5m79zzXTL4l4s2rWnIe7JmXBHsCoIA9v71zup2NLQalVZ7bjaJwWI8sKCUJ4wKstsYSrAg8EEEH6RXfOjm0Ytv/ABAuS122bX8vhIrnEAtcAljOe00/U+k29SJnZdHy3BiY4Deo/Ufv2XUo5hWDYmR6TH9KfcRW2lpGfAS1FoKWtagPbuY8yEQ/pt3MFUkT7fTitfoOqtpbNvUFgpuJsLPblS5ABBViV82c48uRWtq9LbvpsuD6OPmX7+nscUN6q3d0h23FL2mwroTjvH0/ynPoSMV5d/G8nXOr6EJd9PcItvKkyVbAzJJI5HfIP9q4a7R6fVqYGy4BuKElRJnuME4OefpWZpuqhLiuDcKGdrLMAcQSRkT27VwcnUXCbILZ2tAVR80AAz5RnjA/eudNNwpde0Ny1biCFVbYSSqqIJG7cSSxIIyfTnFXLl64x3KqsCAZBIBwO0Yra03U0tgWr48q7UVvTEDdn2ie9Wn6Dbc7keQczJP6hx+1FfpkeUzzKxqGVRsQgdhDL9cET+ldV6k8kQ8jkSRxyZIzVt9SLbKvlVWWQCq/Nj27T+9Zba254lwSkBXjyW5naSPwyc16Fvl9f4Zn7/0up1C6RKhj25HP3qtqbT3HLMV4HLmQQO/lj9f61LoHU3cEtskMQP4dscgHstWtX1V0YjyAeGzfInIgAYHGanKORf0a4fv/AEfo/TlUq3iWdzDaFuP4fyw0KZ2lhPBPf3xuaVL+mueJc0z+HmHhXQAyQRtGzbmcETzQ5/x24Y/5Zx7+pAEKRH39fQ0T/DK37jC5m2iuFJVnU3PNt2L5oI9Zkdu+NufZlJ/RsaTUJehxsK+eWa1cXhoicySGH0iKqDqOnWVW2pZragBEt8wclnuLnKj9Prqa3VPMeE9xWW6Dt8O2qw2wMHlT6TJ9O1D+g0YD2/4JZlWC3ieKFHDKS17aokTx3xXPT/BUEVi1p7yKbmmXzCdu1HggkQSO/sD3+9O/RNNAH+HtEDsba47ckVZ0GjCuXaGb8E7pUbVUkySNxjkRAx61oEUWQ4zMtdL0yAbdPaA/9NO/Pauw0FkiBbReR5YTB5EpBg1cCHmkVoEkU73SVZg+9wQIBBDQJnBYFh34Peszqvw491xcFxZAWJQzKyVbdvORPp2rV6hqWtpvVS53Iu2Y+dlSc+m6ftUumaprtq3c2FS6KxQzKEjKn3Bxx2q1liADWJds3D4pcvMbtxuB4zB3TuHsw5iM1LoxW5dlG2rchnuoWXw4GJNtlEM1s4buWrt8XpqDct712opMMEg5IBMtug7QIB7icYIpDVMdiBn3LbRQZgjZuAOMT5j7Vy18qx6Ypr6C/wCLeKO7XFW5bRXaJIYt/KIjkf8Atoq+KLtv/wAOtxhta6NymSGU+U4AgxuGD/Ssz4RLLZXcv/3SSY7bGA5iAoVc/YdpJruhR7lq4WabW7aBEHcIg47V0z33+Td6LO1FCqAoAI4gR3wK5aO5AZTIPiXGEggEMzMIP0PHNdx5hnynnBB4zFMHG3cMZGOeTBmPQ/tVIK8RAMnBHePbv9aZWUiefXNRvoSpA27uwmPcfhNMiuRDIvvL4P8A+NCmV1rVWzb2gjzGMSfwsfSO1dtDrbcHMfxLnP8A6j/0in13QUcLtAUqwbyvzEgqfL6EipWOi2goYmSSWIDEfMS8YYjExWWnC1HPWMCzlZxaLD0x4g//AGq/MdjjArh/w5ZPmMFSsYwDzmPYR/XtcW3iM/1H0pGKAB6Xq7epF5LQcK2BuA3CCvJzMZwDW7fQ3Nr3LQtuD5dzAOOZGOQfSfqKIhYBBzHI96g2kSI59jJ/L0qcS8gE6e5GnRbb7LuxiU2EE7Au8nGGGB25qij3FcsxYja7h+5xuKtHM47k8xR8/RrfiLcEhkDAAGB5gATEegFZ7fCWm3s8XAWJO0XG2Cf5QcD6D6cVYzOoA/THJclWIIHmK+YsCdxbz+6gHOfvRTeIQSxx6/p+9W7HwlpUnatwTg+Y5jtntjt/WtNul2Su0hjmcsex3Dj3rph8fTnxZglSBuAMTExifSa6JdVgUdQynlTkVsPoFEm2QJEMjElLg9Cc7SOzCsXV6XaSVmBEgxuSeA0YjmGGDW1ta6ZeLXYPda6PctE3LBLWpkrztOR5geRn5s45nNZOh1j2w921eVCeVKbXHbt5SO4x2FGun1O081idf+Glug3dMAH5NvgN/wBPYH9Pp35fJ8c8KtAlr+oeK0EzvYwoJ+Y+Y8d/7/eiPo9i89pWXxIPptg+h8xniKFNR05wSFtL4hWGV5DTmHQggA/vRf0j4iuWLKWrlkSoiS6yR+f2+1cXlBVgFq9RuuIRcjbEQpxAIx6dq6q8md4n/pP9qVKvTOgjrbdlIhhk5wY4POOJj9Kjd0+9gzOMCO/t/YUqVazlUNkrPTSx+dSFIjIHJ3QJIxgz9aNNN8SsttUFu15SgMXFTdDD8IIA4zFKlWWEYnxD8Tam6AltCu13O5N0mZbDA/SAMHn0rP6R1nWrdtk7toYAh2uFYgyT5sD+sUqVdcpQ5vToSH4vuG5bIJA3KHRCLoeYLZZRtgbpAjIAmmufFt3xLZZ1tqX8wVi0jeBtYMIRdpkkCYDdxSpVWkRM0dd8VLCk3LW8OCE09xrpftDb4CgTOOfbFaJ+KrM/Ld/7B/elSrLyjfiHHxTYOPDun/2D/wDqrmh+LtMg2i3cE/5BAH2bGaalWXlEWmDvxD1u3cvPLymIMERGQsiRieecVhW+o2oYE5CzuHDHtE8f794VKvE8rT7NHoHwM5NhWMSzXHj6EIB7YUUUbh3FKlXbPhpD7Vng9u5/aancCQQBmMZ4pUq0CKEHMCpsVPYUqVCkCR6CoJ3A4/3/AK0qVAQvbsbR3E/TvU5HpSpUBG46gSBEc/Tv+XP2p2Mdpp6VAK2w/lH5CuzMpHA/IUqVARQjgwft/pXN1X0/QUqVAQ3VC7pkfOJAiYzB5U/zL7UqVAC+v0RQkqMD5hzsnj6qex+xyKrWbxUzNKlXfPa7Ob9OvUOm2dWm1wQ8YZSFYewMHHtFYerurbbZesrcdQBvchWYdieJ+ufScUqVef5MqnRH/9k=
12|https://blog.architizer.com/wp-content/uploads/8-59-scaled-1.jpg
13|https://planetofhotels.com/guide/sites/default/files/styles/paragraph__hero_banner__hb_image__1880bp/public/hero_banner/Gullfoss_waterfall.jpg
14|https://example.com/images/tour6-3.jpg
15|https://www.funiceland.is/media/1771/geysir-winter.jpg
16|https://adventures.is/media/14868/northern-lights-iceland-tour-8.jpg
17|https://adventures.is/media/14868/northern-lights-iceland-tour-8.jpg
18|https://blog.architizer.com/wp-content/uploads/8-59-scaled-1.jpg
19|https://blog.architizer.com/wp-content/uploads/8-59-scaled-1.jpg
20|xy
21|efijs
22|https://adventures.is/media/14868/northern-lights-iceland-tour-8.jpg
23|efjfsd
24|qeadf
25|fadsff
26|frafsa
27|dfss
28|dsadas
29|dasdad
30|dds
31|fgfd
32|fdsfd
33|dsadsa
34|dasdsad
35|dasaddsa
36|dsadsadsa
37|dsasa
38|1313131
39|fdsafdas
40|dsadsa
41|dsaads
42|rrrr
43|ttt
44|yyy
45|qqq
46|sss
47|opop
48|g
49|rewqrweq
50|hghghg
51|steestestest
52|fdsfddsf
53|f
54|r
55|https://and-jpn.com/wp-content/uploads/2022/05/20220502-dotonbori-0000.webp
56|https://shun-gate.com/wp-content/uploads/2021/05/pic_1_-15.jpg
57|https://idsb.tmgrup.com.tr/ly/uploads/images/2022/06/19/213051.jpg
58|https://upload.wikimedia.org/wikipedia/commons/7/75/Citadel_of_Saladin_2.jpg
59|https://literarytoursegypt.com/wp-content/uploads/2022/08/Khan-El-Khalili-Bazaar-1024x685.jpg
60|11
61|2
62|ew
